chromosome,rsid,p_value,base_pair_location
1,rs579448,1.653e-05,40638992
1,rs3753394,3.407e-07,196651787
2,rs11682175,3.136e-15,57760458
3,rs77554090,1.294e-05,65726260
5,rs1032712,7.998e-06,31062866
5,rs4705336,5.81e-05,149368339
6,rs12203592,0.03025,396321
6,rs2388840,1.218e-07,99150880
6,rs6911230,1.123e-19,151942225
7,rs10267593,3.563e-16,1897625
7,rs3763457,8.758e-06,108573482
7,rs17621391,9.003e-09,140476796
11,rs7127383,5.123e-16,28570040
11,rs10750352,1.087e-05,126832259
12,rs11171639,1.395e-06,55647159
15,rs4702,8.39e-16,90883330
15,rs1972927,3.953e-05,91030219
16,rs42750,9.363e-09,21619377
16,rs4306507,1.257e-07,51178864
16,rs61735550,5.457e-08,72958322
18,rs117763335,6.282e-07,44680383
19,rs2111530,3.375e-09,31400100
20,rs17265513,0.0001328,41203988
22,rs3788337,1.066e-07,23069838
